{"cameraMode":{"drawMode":0,"name":"Shaded","section":"Shading Mode"},"sceneLighting":false,"audioPlay":false,"sceneViewState":{"m_AlwaysRefresh":false,"showFog":true,"showSkybox":false,"showFlares":true,"showImageEffects":true,"showParticleSystems":true,"showVisualEffectGraphs":true,"m_FxEnabled":true},"in2DMode":false,"pivot":{"x":-2.4423818588256838,"y":2.4121615886688234,"z":-0.5937743782997131},"rotation":{"x":0.008997611701488495,"y":-0.023996733129024507,"z":0.00021643364743795246,"w":0.9996748566627502},"size":3.181295394897461,"orthographic":false}