{"cameraMode":{"drawMode":0,"name":"Shaded","section":"Shading Mode"},"sceneLighting":false,"audioPlay":false,"sceneViewState":{"showFog":true,"showMaterialUpdate":false,"showSkybox":false,"showFlares":true,"showImageEffects":true,"showParticleSystems":true,"showVisualEffectGraphs":true,"m_FxEnabled":true},"in2DMode":false,"pivot":{"x":0.6731081008911133,"y":5.6654815673828129,"z":-0.11029338836669922},"rotation":{"x":-0.014998569153249264,"y":-0.008998611010611058,"z":-0.00013450518599711359,"w":0.9998466968536377},"size":0.8660253882408142,"orthographic":false}